{
  "exploration_rate": 2.011192675197425e-15,
  "learning_rate": 0.1,
  "discount_factor": 0.9,
  "repetition": 1,
  "q_table_analytics": {
    "states_learned": 21,
    "total_states": 193,
    "learning_coverage": 0.10880829015544041,
    "avg_q_value": -2.361418081343089,
    "max_q_value": 9.120620229462522,
    "min_q_value": -13.115174624919128
  }
}