{
  "exploration_rate": 5.1476385671821514e-23,
  "learning_rate": 0.1,
  "discount_factor": 0.9,
  "repetition": 2,
  "q_table_analytics": {
    "states_learned": 31,
    "total_states": 193,
    "learning_coverage": 0.16062176165803108,
    "avg_q_value": -1.9498018998485724,
    "max_q_value": 4.360762970685232,
    "min_q_value": -9.644426178876808
  }
}