{
  "exploration_rate": 1.069350213622864e-13,
  "learning_rate": 0.1,
  "discount_factor": 0.9,
  "repetition": 1,
  "q_table_analytics": {
    "states_learned": 33,
    "total_states": 193,
    "learning_coverage": 0.17098445595854922,
    "avg_q_value": -1.3425090330446383,
    "max_q_value": 8.482508064933098,
    "min_q_value": -11.438881551408558
  }
}