{
  "exploration_rate": 6.5401909258229e-09,
  "learning_rate": 0.1,
  "discount_factor": 0.9,
  "repetition": 0,
  "q_table_analytics": {
    "states_learned": 21,
    "total_states": 193,
    "learning_coverage": 0.10880829015544041,
    "avg_q_value": -0.8374203546602704,
    "max_q_value": 6.175269217966413,
    "min_q_value": -10.960741877895197
  }
}