{
  "exploration_rate": 2.1908029076741798e-17,
  "learning_rate": 0.1,
  "discount_factor": 0.9,
  "repetition": 1,
  "q_table_analytics": {
    "states_learned": 21,
    "total_states": 193,
    "learning_coverage": 0.10880829015544041,
    "avg_q_value": -1.8300192876457817,
    "max_q_value": 15.81973867847702,
    "min_q_value": -11.7077780305513
  }
}