{
  "exploration_rate": 8.203189175299392e-09,
  "learning_rate": 0.1,
  "discount_factor": 0.9,
  "repetition": 0,
  "q_table_analytics": {
    "states_learned": 31,
    "total_states": 193,
    "learning_coverage": 0.16062176165803108,
    "avg_q_value": -0.7567934578633789,
    "max_q_value": 9.245955383921297,
    "min_q_value": -9.644426178876808
  }
}