{
  "exploration_rate": 3.2488186088238854e-09,
  "learning_rate": 0.1,
  "discount_factor": 0.9,
  "repetition": 0,
  "q_table_analytics": {
    "states_learned": 29,
    "total_states": 193,
    "learning_coverage": 0.15025906735751296,
    "avg_q_value": -1.1064077067437519,
    "max_q_value": 6.066267169515111,
    "min_q_value": -9.488888405574723
  }
}