{
  "exploration_rate": 8.457862123808718e-16,
  "learning_rate": 0.1,
  "discount_factor": 0.9,
  "repetition": 1,
  "q_table_analytics": {
    "states_learned": 31,
    "total_states": 193,
    "learning_coverage": 0.16062176165803108,
    "avg_q_value": -1.553381692205638,
    "max_q_value": 3.1737971196434485,
    "min_q_value": -9.644426178876808
  }
}