{
  "exploration_rate": 1.499632870268172e-22,
  "learning_rate": 0.1,
  "discount_factor": 0.9,
  "repetition": 2,
  "q_table_analytics": {
    "states_learned": 21,
    "total_states": 193,
    "learning_coverage": 0.10880829015544041,
    "avg_q_value": -2.558064469675023,
    "max_q_value": 15.81973867847702,
    "min_q_value": -12.40436997753542
  }
}